{
  "name": "업무 프로세스 자동화 프레임워크 구축 자동화 워크플로우",
  "nodes": [
    {
      "parameters": {
        "rule": {
          "interval": [
            {
              "field": "cronExpression",
              "value": "0 9 * * 1-5"
            }
          ]
        }
      },
      "id": "trigger-node",
      "name": "Schedule Trigger",
      "type": "n8n-nodes-base.scheduleTrigger",
      "typeVersion": 1,
      "position": [
        240,
        300
      ]
    },
    {
      "parameters": {
        "url": "https://api.sk-work-redesign.com/data",
        "options": {
          "headers": {
            "Authorization": "Bearer {{$json[\"auth_token\"]}}",
            "Content-Type": "application/json"
          }
        }
      },
      "id": "data-fetch",
      "name": "Fetch Data",
      "type": "n8n-nodes-base.httpRequest",
      "typeVersion": 1,
      "position": [
        460,
        300
      ]
    },
    {
      "parameters": {
        "code": "\n// 업무 프로세스 자동화 프레임워크 구축 데이터 처리 코드\n// 생성일: 2025-11-05T06:33:16.112Z\n\nconst inputData = $input.all();\nconst results = [];\n\nfor (const item of inputData) {\n  try {\n    // 데이터 전처리\n    const processedData = {\n      id: item.json.id,\n      timestamp: new Date().toISOString(),\n      original: item.json,\n      processed: {\n        // 작업별 처리 로직 구현\n        status: 'processed',\n        priority: 'HIGH',\n        category: 'TASK'\n      }\n    };\n\n    // 비즈니스 로직 적용\n    if (item.json.value) {\n      processedData.processed.normalizedValue = parseFloat(item.json.value);\n      processedData.processed.classification =\n        processedData.processed.normalizedValue > 100 ? 'high' : 'normal';\n    }\n\n    // 결과 데이터 구성\n    results.push({\n      json: processedData,\n      binary: {}\n    });\n\n  } catch (error) {\n    // 에러 처리\n    results.push({\n      json: {\n        error: error.message,\n        originalData: item.json,\n        timestamp: new Date().toISOString()\n      },\n      binary: {}\n    });\n  }\n}\n\nreturn results;"
      },
      "id": "process-data",
      "name": "Process Data",
      "type": "n8n-nodes-base.code",
      "typeVersion": 1,
      "position": [
        680,
        300
      ]
    },
    {
      "parameters": {
        "subject": "업무 프로세스 자동화 프레임워크 구축 - 처리 완료 알림",
        "message": "작업이 성공적으로 완료되었습니다.\n\n처리 시간: {{$json[\"processing_time\"]}}\n결과: {{$json[\"result_summary\"]}}",
        "options": {
          "attachments": "data:application/json;base64,{{$json[\"result_data\"]}}"
        }
      },
      "id": "send-notification",
      "name": "Send Notification",
      "type": "n8n-nodes-base.emailSend",
      "typeVersion": 1,
      "position": [
        900,
        300
      ]
    }
  ],
  "connections": {
    "Schedule Trigger": {
      "main": [
        [
          {
            "node": "Fetch Data",
            "type": "main",
            "index": 0
          }
        ]
      ]
    },
    "Fetch Data": {
      "main": [
        [
          {
            "node": "Process Data",
            "type": "main",
            "index": 0
          }
        ]
      ]
    },
    "Process Data": {
      "main": [
        [
          {
            "node": "Send Notification",
            "type": "main",
            "index": 0
          }
        ]
      ]
    }
  },
  "settings": {
    "executionOrder": "v1"
  },
  "staticData": null,
  "tags": [
    "SK-WorkRedesign",
    "TASK",
    "automation"
  ],
  "triggerCount": 0,
  "updatedAt": "2025-11-05T06:33:16.112Z",
  "versionId": 1
}